{"cameraMode":{"drawMode":0,"name":"Shaded","section":"Shading Mode"},"sceneLighting":false,"audioPlay":false,"sceneViewState":{"showFog":true,"showMaterialUpdate":false,"showSkybox":false,"showFlares":true,"showImageEffects":true,"showParticleSystems":true},"in2DMode":false,"pivot":{"x":-0.22679710388183595,"y":5.872708320617676,"z":96.5895767211914},"rotation":{"x":0.08110743016004563,"y":0.4945850670337677,"z":-0.06048513948917389,"w":0.8644424080848694},"size":50.195823669433597,"orthographic":true}