{"cameraMode":{"drawMode":0,"name":"Shaded","section":"Shading Mode"},"sceneLighting":false,"audioPlay":false,"sceneViewState":{"showFog":true,"showMaterialUpdate":false,"showSkybox":false,"showFlares":true,"showImageEffects":true,"showParticleSystems":true},"in2DMode":false,"pivot":{"x":14.504695892333985,"y":0.4559928774833679,"z":-2.4881091117858888},"rotation":{"x":0.07773850113153458,"y":-0.7733632326126099,"z":0.09609561413526535,"w":0.6220828890800476},"size":1.6032122373580933,"orthographic":true}