{"cameraMode":{"drawMode":0,"name":"Shaded","section":"Shading Mode"},"sceneLighting":false,"audioPlay":false,"sceneViewState":{"showFog":true,"showMaterialUpdate":false,"showSkybox":false,"showFlares":true,"showImageEffects":true,"showParticleSystems":true},"in2DMode":false,"pivot":{"x":-0.012162923812866211,"y":0.000006198883056640625,"z":0.000021696090698242188},"rotation":{"x":0.24944806098937989,"y":0.3435283303260803,"z":-0.0980423167347908,"w":0.9006068110466003},"size":5.378528594970703,"orthographic":true}