{"cameraMode":{"drawMode":0,"name":"Shaded","section":"Shading Mode"},"sceneLighting":false,"audioPlay":false,"sceneViewState":{"showFog":true,"showMaterialUpdate":false,"showSkybox":false,"showFlares":true,"showImageEffects":true,"showParticleSystems":true},"in2DMode":false,"pivot":{"x":12.880301475524903,"y":-155.11520385742188,"z":227.7590789794922},"rotation":{"x":-0.22395798563957215,"y":0.013400156050920487,"z":0.004117436241358519,"w":-0.9754063487052918},"size":155.677490234375,"orthographic":true}