{"cameraMode":{"drawMode":0,"name":"Shaded","section":"Shading Mode"},"sceneLighting":false,"audioPlay":false,"sceneViewState":{"showFog":true,"showMaterialUpdate":false,"showSkybox":false,"showFlares":true,"showImageEffects":true,"showParticleSystems":true},"in2DMode":false,"pivot":{"x":2.365000009536743,"y":-1.5650004148483277,"z":0.0},"rotation":{"x":0.04368164762854576,"y":0.6559767127037048,"z":-0.052666399627923968,"w":0.7530693411827087},"size":7.352921009063721,"orthographic":true}