{"cameraMode":{"drawMode":0,"name":"Shaded","section":"Shading Mode"},"sceneLighting":false,"audioPlay":false,"sceneViewState":{"showFog":true,"showMaterialUpdate":false,"showSkybox":false,"showFlares":true,"showImageEffects":true,"showParticleSystems":true},"in2DMode":false,"pivot":{"x":0.000003814697265625,"y":0.0,"z":1066.4814453125},"rotation":{"x":-0.02502717636525631,"y":0.060386255383491519,"z":0.006113877519965172,"w":-0.9985159039497376},"size":61.49898910522461,"orthographic":true}