{"cameraMode":{"drawMode":0,"name":"Shaded","section":"Shading Mode"},"sceneLighting":false,"audioPlay":false,"sceneViewState":{"showFog":true,"showMaterialUpdate":false,"showSkybox":false,"showFlares":true,"showImageEffects":true,"showParticleSystems":true},"in2DMode":false,"pivot":{"x":0.00000762939453125,"y":0.0,"z":-0.0000152587890625},"rotation":{"x":0.16873668134212495,"y":0.13994181156158448,"z":-0.026612412184476854,"w":0.9756227135658264},"size":59.38534164428711,"orthographic":true}