{"cameraMode":{"drawMode":0,"name":"Shaded","section":"Shading Mode"},"sceneLighting":false,"audioPlay":false,"sceneViewState":{"showFog":true,"showMaterialUpdate":false,"showSkybox":false,"showFlares":true,"showImageEffects":true,"showParticleSystems":true},"in2DMode":false,"pivot":{"x":0.0001220703125,"y":57.2288818359375,"z":985.999755859375},"rotation":{"x":-0.25983431935310366,"y":-0.29975008964538576,"z":0.09377385675907135,"w":-0.913841724395752},"size":1948.557373046875,"orthographic":true}