{"cameraMode":{"drawMode":0,"name":"Shaded","section":"Shading Mode"},"sceneLighting":false,"audioPlay":false,"sceneViewState":{"showFog":true,"showMaterialUpdate":false,"showSkybox":false,"showFlares":true,"showImageEffects":true,"showParticleSystems":true},"in2DMode":false,"pivot":{"x":-2.2543458938598635,"y":1.9556348323822022,"z":-1.6744630336761475},"rotation":{"x":-0.12104234099388123,"y":-0.7215710282325745,"z":0.144140362739563,"w":-0.6674549579620361},"size":2.4222707748413088,"orthographic":true}