{"cameraMode":{"drawMode":0,"name":"Shaded","section":"Shading Mode"},"sceneLighting":true,"audioPlay":false,"sceneViewState":{"showFog":true,"showMaterialUpdate":false,"showSkybox":true,"showFlares":true,"showImageEffects":true,"showParticleSystems":true},"in2DMode":false,"pivot":{"x":-0.03508329391479492,"y":0.2799999713897705,"z":-30.939659118652345},"rotation":{"x":0.07863409072160721,"y":0.6560600399971008,"z":-0.08529165387153626,"w":0.7471790313720703},"size":10.143199920654297,"orthographic":true}