{"cameraMode":{"drawMode":0,"name":"Shaded","section":"Shading Mode"},"sceneLighting":false,"audioPlay":false,"sceneViewState":{"showFog":true,"showMaterialUpdate":false,"showSkybox":false,"showFlares":true,"showImageEffects":true,"showParticleSystems":true},"in2DMode":false,"pivot":{"x":-3.074338912963867,"y":0.5471439361572266,"z":29.399999618530275},"rotation":{"x":0.39759597182273867,"y":-0.17948947846889497,"z":0.07900276780128479,"w":0.8965740203857422},"size":6.207626819610596,"orthographic":true}