{"cameraMode":{"drawMode":0,"name":"Shaded","section":"Shading Mode"},"sceneLighting":false,"audioPlay":false,"sceneViewState":{"showFog":true,"showMaterialUpdate":false,"showSkybox":false,"showFlares":true,"showImageEffects":true,"showParticleSystems":true},"in2DMode":false,"pivot":{"x":-2.799999237060547,"y":1.75,"z":27.829998016357423},"rotation":{"x":0.39759597182273867,"y":-0.17948947846889497,"z":0.07900276780128479,"w":0.8965740203857422},"size":34.09891128540039,"orthographic":true}