{"cameraMode":{"drawMode":0,"name":"Shaded","section":"Shading Mode"},"sceneLighting":false,"audioPlay":false,"sceneViewState":{"showFog":true,"showMaterialUpdate":false,"showSkybox":false,"showFlares":true,"showImageEffects":true,"showParticleSystems":true},"in2DMode":false,"pivot":{"x":24.98129653930664,"y":0.9096804857254028,"z":11.237417221069336},"rotation":{"x":0.2620851695537567,"y":0.7265129089355469,"z":-0.3675006628036499,"w":0.5181165337562561},"size":2.3467679023742677,"orthographic":false}