{"cameraMode":{"drawMode":0,"name":"Shaded","section":"Shading Mode"},"sceneLighting":true,"audioPlay":false,"sceneViewState":{"showFog":true,"showMaterialUpdate":false,"showSkybox":true,"showFlares":true,"showImageEffects":true,"showParticleSystems":true},"in2DMode":false,"pivot":{"x":14.531003952026368,"y":5.0905327796936039,"z":-4.0362548828125},"rotation":{"x":0.0014598389388993383,"y":0.9195659756660461,"z":-0.3932495415210724,"w":0.0032276036217808725},"size":0.7617907524108887,"orthographic":false}